<BackupInst xmlns="http://www.microsoft.com/GroupPolicy/GPOOperations/Manifest"><GPOGuid><![CDATA[{FEDD59BB-2FF7-42C6-9A7D-B1884925AFE5}]]></GPOGuid><GPODomain><![CDATA[Labb.se]]></GPODomain><GPODomainGuid><![CDATA[{8486eab4-cdb4-44dc-a8b5-4cccbd226f52}]]></GPODomainGuid><GPODomainController><![CDATA[Labb-DC.Labb.se]]></GPODomainController><BackupTime><![CDATA[2024-11-30T20:09:39]]></BackupTime><ID><![CDATA[{939DCD60-7044-42D6-BFFD-F0593DA61479}]]></ID><Comment><![CDATA[]]></Comment><GPODisplayName><![CDATA[T1 Servers Access Control]]></GPODisplayName></BackupInst>
