<BackupInst xmlns="http://www.microsoft.com/GroupPolicy/GPOOperations/Manifest"><GPOGuid><![CDATA[{8566518A-20C5-4335-99F7-FB8DDA127186}]]></GPOGuid><GPODomain><![CDATA[Labb.se]]></GPODomain><GPODomainGuid><![CDATA[{8486eab4-cdb4-44dc-a8b5-4cccbd226f52}]]></GPODomainGuid><GPODomainController><![CDATA[Labb-DC.Labb.se]]></GPODomainController><BackupTime><![CDATA[2024-11-26T14:53:22]]></BackupTime><ID><![CDATA[{08DF8327-B913-4038-9AA1-AFE874F92FE5}]]></ID><Comment><![CDATA[GPO Backups]]></Comment><GPODisplayName><![CDATA[T1 Sudo Rights]]></GPODisplayName></BackupInst>
