<Backups xmlns="http://www.microsoft.com/GroupPolicy/GPOOperations/Manifest" xmlns:mfst="http://www.microsoft.com/GroupPolicy/GPOOperations/Manifest" mfst:version="1.0"><BackupInst><GPOGuid><![CDATA[{27D6BCC9-DFD8-4B0B-B1D6-C8C125DEF7AF}]]></GPOGuid><GPODomain><![CDATA[Labb.se]]></GPODomain><GPODomainGuid><![CDATA[{8486eab4-cdb4-44dc-a8b5-4cccbd226f52}]]></GPODomainGuid><GPODomainController><![CDATA[Labb-DC.Labb.se]]></GPODomainController><BackupTime><![CDATA[2024-11-30T20:10:23]]></BackupTime><ID><![CDATA[{2FBA9306-CB00-4CB7-8771-AC5A20DF38B8}]]></ID><Comment><![CDATA[]]></Comment><GPODisplayName><![CDATA[T0 Servers Access Control]]></GPODisplayName></BackupInst></Backups>