<?xml version="1.0" encoding="utf-8"?><!-- Copyright (c) Microsoft Corporation.  All rights reserved. --><GroupPolicyBackupScheme bkp:version="2.0" bkp:type="GroupPolicyBackupTemplate" xmlns:bkp="http://www.microsoft.com/GroupPolicy/GPOOperations" xmlns="http://www.microsoft.com/GroupPolicy/GPOOperations">
    <GroupPolicyObject><SecurityGroups><Group><Sid><![CDATA[S-1-5-21-1247346845-1944370921-3698593638-519]]></Sid><SamAccountName><![CDATA[Enterprise Admins]]></SamAccountName><Type><![CDATA[UniversalGroup]]></Type><NetBIOSDomainName><![CDATA[LABB]]></NetBIOSDomainName><DnsDomainName><![CDATA[Labb.se]]></DnsDomainName><UPN><![CDATA[Enterprise Admins@Labb.se]]></UPN></Group><Group><Sid><![CDATA[S-1-5-21-1247346845-1944370921-3698593638-512]]></Sid><SamAccountName><![CDATA[Domain Admins]]></SamAccountName><Type><![CDATA[GlobalGroup]]></Type><NetBIOSDomainName><![CDATA[LABB]]></NetBIOSDomainName><DnsDomainName><![CDATA[Labb.se]]></DnsDomainName><UPN><![CDATA[Domain Admins@Labb.se]]></UPN></Group><Group><Sid><![CDATA[S-1-5-21-1247346845-1944370921-3698593638-2101]]></Sid><SamAccountName><![CDATA[TB_Admins]]></SamAccountName><Type><![CDATA[GlobalGroup]]></Type><NetBIOSDomainName><![CDATA[LABB]]></NetBIOSDomainName><DnsDomainName><![CDATA[Labb.se]]></DnsDomainName><UPN><![CDATA[TB_Admins@Labb.se]]></UPN></Group><Group><Sid><![CDATA[S-1-5-21-1247346845-1944370921-3698593638-2102]]></Sid><SamAccountName><![CDATA[T0_Admins]]></SamAccountName><Type><![CDATA[GlobalGroup]]></Type><NetBIOSDomainName><![CDATA[LABB]]></NetBIOSDomainName><DnsDomainName><![CDATA[Labb.se]]></DnsDomainName><UPN><![CDATA[T0_Admins@Labb.se]]></UPN></Group><Group><Sid><![CDATA[S-1-5-21-1247346845-1944370921-3698593638-2136]]></Sid><SamAccountName><![CDATA[Labb_Users]]></SamAccountName><Type><![CDATA[GlobalGroup]]></Type><NetBIOSDomainName><![CDATA[LABB]]></NetBIOSDomainName><DnsDomainName><![CDATA[Labb.se]]></DnsDomainName><UPN><![CDATA[Labb_Users@Labb.se]]></UPN></Group></SecurityGroups><FilePaths/><GroupPolicyCoreSettings><ID><![CDATA[{FEDD59BB-2FF7-42C6-9A7D-B1884925AFE5}]]></ID><Domain><![CDATA[Labb.se]]></Domain><SecurityDescriptor>01 00 04 9c 00 00 00 00 00 00 00 00 00 00 00 00 14 00 00 00 04 00 ec 00 08 00 00 00 05 02 28 00 00 01 00 00 01 00 00 00 8f fd ac ed b3 ff d1 11 b4 1d 00 a0 c9 68 f9 39 01 01 00 00 00 00 00 05 0b 00 00 00 00 00 24 00 ff 00 0f 00 01 05 00 00 00 00 00 05 15 00 00 00 9d 00 59 4a e9 be e4 73 66 0f 74 dc 00 02 00 00 00 02 24 00 ff 00 0f 00 01 05 00 00 00 00 00 05 15 00 00 00 9d 00 59 4a e9 be e4 73 66 0f 74 dc 00 02 00 00 00 02 24 00 ff 00 0f 00 01 05 00 00 00 00 00 05 15 00 00 00 9d 00 59 4a e9 be e4 73 66 0f 74 dc 07 02 00 00 00 02 14 00 94 00 02 00 01 01 00 00 00 00 00 05 09 00 00 00 00 02 14 00 94 00 02 00 01 01 00 00 00 00 00 05 0b 00 00 00 00 02 14 00 ff 00 0f 00 01 01 00 00 00 00 00 05 12 00 00 00 00 0a 14 00 ff 00 0f 00 01 01 00 00 00 00 00 03 00 00 00 00</SecurityDescriptor><DisplayName><![CDATA[T1 Servers Access Control]]></DisplayName><Options><![CDATA[0]]></Options><UserVersionNumber><![CDATA[0]]></UserVersionNumber><MachineVersionNumber><![CDATA[1900573]]></MachineVersionNumber><MachineExtensionGuids><![CDATA[[{00000000-0000-0000-0000-000000000000}{79F92669-4224-476C-9C5C-6EFB4D87DF4A}][{17D89FEC-5C44-4972-B12D-241CAEF74509}{79F92669-4224-476C-9C5C-6EFB4D87DF4A}][{827D319E-6EAC-11D2-A4EA-00C04F79F83A}{803E14A0-B4FB-11D0-A0D0-00A0C90F574B}]]]></MachineExtensionGuids><UserExtensionGuids/><WMIFilter/></GroupPolicyCoreSettings> 
        <GroupPolicyExtension bkp:ID="{35378EAC-683F-11D2-A89A-00C04FBBCFA2}" bkp:DescName="Registry">
            
            
            <FSObjectFile bkp:Path="%GPO_FSPATH%\Adm\*.*" bkp:SourceExpandedPath="\\Labb-DC.Labb.se\sysvol\Labb.se\Policies\{FEDD59BB-2FF7-42C6-9A7D-B1884925AFE5}\Adm\*.*"/>
        </GroupPolicyExtension>
        
        
        
        
        <GroupPolicyExtension bkp:ID="{827D319E-6EAC-11D2-A4EA-00C04F79F83A}" bkp:DescName="Security">
            <FSObjectFile bkp:Path="%GPO_MACH_FSPATH%\microsoft\windows nt\SecEdit\GptTmpl.inf" bkp:SourceExpandedPath="\\Labb-DC.Labb.se\sysvol\Labb.se\Policies\{FEDD59BB-2FF7-42C6-9A7D-B1884925AFE5}\Machine\microsoft\windows nt\SecEdit\GptTmpl.inf" bkp:ReEvaluateFunction="SecurityValidateSettings" bkp:Location="DomainSysvol\GPO\Machine\microsoft\windows nt\SecEdit\GptTmpl.inf"/>
        </GroupPolicyExtension>
        
        
        
        
    <GroupPolicyExtension bkp:ID="{F15C46CD-82A0-4C2D-A210-5D0D3182A418}" bkp:DescName="Unknown Extension"><FSObjectDir bkp:Path="%GPO_MACH_FSPATH%\Microsoft" bkp:SourceExpandedPath="\\Labb-DC.Labb.se\sysvol\Labb.se\Policies\{FEDD59BB-2FF7-42C6-9A7D-B1884925AFE5}\Machine\Microsoft" bkp:Location="DomainSysvol\GPO\Machine\Microsoft"/><FSObjectDir bkp:Path="%GPO_MACH_FSPATH%\Microsoft\Windows NT" bkp:SourceExpandedPath="\\Labb-DC.Labb.se\sysvol\Labb.se\Policies\{FEDD59BB-2FF7-42C6-9A7D-B1884925AFE5}\Machine\Microsoft\Windows NT" bkp:Location="DomainSysvol\GPO\Machine\Microsoft\Windows NT"/><FSObjectDir bkp:Path="%GPO_MACH_FSPATH%\Microsoft\Windows NT\SecEdit" bkp:SourceExpandedPath="\\Labb-DC.Labb.se\sysvol\Labb.se\Policies\{FEDD59BB-2FF7-42C6-9A7D-B1884925AFE5}\Machine\Microsoft\Windows NT\SecEdit" bkp:Location="DomainSysvol\GPO\Machine\Microsoft\Windows NT\SecEdit"/><FSObjectDir bkp:Path="%GPO_MACH_FSPATH%\Preferences" bkp:SourceExpandedPath="\\Labb-DC.Labb.se\sysvol\Labb.se\Policies\{FEDD59BB-2FF7-42C6-9A7D-B1884925AFE5}\Machine\Preferences" bkp:Location="DomainSysvol\GPO\Machine\Preferences"/><FSObjectDir bkp:Path="%GPO_MACH_FSPATH%\Preferences\Groups" bkp:SourceExpandedPath="\\Labb-DC.Labb.se\sysvol\Labb.se\Policies\{FEDD59BB-2FF7-42C6-9A7D-B1884925AFE5}\Machine\Preferences\Groups" bkp:Location="DomainSysvol\GPO\Machine\Preferences\Groups"/><FSObjectFile bkp:Path="%GPO_MACH_FSPATH%\Preferences\Groups\Groups.xml" bkp:SourceExpandedPath="\\Labb-DC.Labb.se\sysvol\Labb.se\Policies\{FEDD59BB-2FF7-42C6-9A7D-B1884925AFE5}\Machine\Preferences\Groups\Groups.xml" bkp:Location="DomainSysvol\GPO\Machine\Preferences\Groups\Groups.xml"/><FSObjectDir bkp:Path="%GPO_MACH_FSPATH%\Scripts" bkp:SourceExpandedPath="\\Labb-DC.Labb.se\sysvol\Labb.se\Policies\{FEDD59BB-2FF7-42C6-9A7D-B1884925AFE5}\Machine\Scripts" bkp:Location="DomainSysvol\GPO\Machine\Scripts"/><FSObjectDir bkp:Path="%GPO_MACH_FSPATH%\Scripts\Shutdown" bkp:SourceExpandedPath="\\Labb-DC.Labb.se\sysvol\Labb.se\Policies\{FEDD59BB-2FF7-42C6-9A7D-B1884925AFE5}\Machine\Scripts\Shutdown" bkp:Location="DomainSysvol\GPO\Machine\Scripts\Shutdown"/><FSObjectDir bkp:Path="%GPO_MACH_FSPATH%\Scripts\Startup" bkp:SourceExpandedPath="\\Labb-DC.Labb.se\sysvol\Labb.se\Policies\{FEDD59BB-2FF7-42C6-9A7D-B1884925AFE5}\Machine\Scripts\Startup" bkp:Location="DomainSysvol\GPO\Machine\Scripts\Startup"/></GroupPolicyExtension></GroupPolicyObject>
</GroupPolicyBackupScheme>