<BackupInst xmlns="http://www.microsoft.com/GroupPolicy/GPOOperations/Manifest"><GPOGuid><![CDATA[{FEDD59BB-2FF7-42C6-9A7D-B1884925AFE5}]]></GPOGuid><GPODomain><![CDATA[Labb.se]]></GPODomain><GPODomainGuid><![CDATA[{8486eab4-cdb4-44dc-a8b5-4cccbd226f52}]]></GPODomainGuid><GPODomainController><![CDATA[Labb-DC.Labb.se]]></GPODomainController><BackupTime><![CDATA[2024-11-26T14:53:22]]></BackupTime><ID><![CDATA[{1E98FE3F-583E-43F5-B70C-0376B7B00454}]]></ID><Comment><![CDATA[GPO Backups]]></Comment><GPODisplayName><![CDATA[T1 Servers Access Control]]></GPODisplayName></BackupInst>
