<Backups xmlns="http://www.microsoft.com/GroupPolicy/GPOOperations/Manifest" xmlns:mfst="http://www.microsoft.com/GroupPolicy/GPOOperations/Manifest" mfst:version="1.0"><BackupInst><GPOGuid><![CDATA[{B9268F77-A995-4178-82B1-341819B70B22}]]></GPOGuid><GPODomain><![CDATA[Labb.se]]></GPODomain><GPODomainGuid><![CDATA[{8486eab4-cdb4-44dc-a8b5-4cccbd226f52}]]></GPODomainGuid><GPODomainController><![CDATA[Labb-DC.Labb.se]]></GPODomainController><BackupTime><![CDATA[2024-11-30T20:10:06]]></BackupTime><ID><![CDATA[{C1393501-3AB8-41CC-9523-6F6A28A70648}]]></ID><Comment><![CDATA[]]></Comment><GPODisplayName><![CDATA[T0 Sudo Rights]]></GPODisplayName></BackupInst></Backups>