<BackupInst xmlns="http://www.microsoft.com/GroupPolicy/GPOOperations/Manifest"><GPOGuid><![CDATA[{50E861D5-2B2E-4F3A-9DAE-D0259ACF8828}]]></GPOGuid><GPODomain><![CDATA[Labb.se]]></GPODomain><GPODomainGuid><![CDATA[{8486eab4-cdb4-44dc-a8b5-4cccbd226f52}]]></GPODomainGuid><GPODomainController><![CDATA[Labb-DC.Labb.se]]></GPODomainController><BackupTime><![CDATA[2024-11-30T20:08:16]]></BackupTime><ID><![CDATA[{B2C4FC9D-1BB8-491A-A9CA-18290E2ECA39}]]></ID><Comment><![CDATA[]]></Comment><GPODisplayName><![CDATA[T1 Sudo Rights]]></GPODisplayName></BackupInst>
