<Backups xmlns="http://www.microsoft.com/GroupPolicy/GPOOperations/Manifest" xmlns:mfst="http://www.microsoft.com/GroupPolicy/GPOOperations/Manifest" mfst:version="1.0"><BackupInst><GPOGuid><![CDATA[{8566518A-20C5-4335-99F7-FB8DDA127186}]]></GPOGuid><GPODomain><![CDATA[Labb.se]]></GPODomain><GPODomainGuid><![CDATA[{8486eab4-cdb4-44dc-a8b5-4cccbd226f52}]]></GPODomainGuid><GPODomainController><![CDATA[Labb-DC.Labb.se]]></GPODomainController><BackupTime><![CDATA[2024-11-26T14:53:22]]></BackupTime><ID><![CDATA[{08DF8327-B913-4038-9AA1-AFE874F92FE5}]]></ID><Comment><![CDATA[GPO Backups]]></Comment><GPODisplayName><![CDATA[T1 Sudo Rights]]></GPODisplayName></BackupInst><BackupInst><GPOGuid><![CDATA[{FEDD59BB-2FF7-42C6-9A7D-B1884925AFE5}]]></GPOGuid><GPODomain><![CDATA[Labb.se]]></GPODomain><GPODomainGuid><![CDATA[{8486eab4-cdb4-44dc-a8b5-4cccbd226f52}]]></GPODomainGuid><GPODomainController><![CDATA[Labb-DC.Labb.se]]></GPODomainController><BackupTime><![CDATA[2024-11-26T14:53:22]]></BackupTime><ID><![CDATA[{1E98FE3F-583E-43F5-B70C-0376B7B00454}]]></ID><Comment><![CDATA[GPO Backups]]></Comment><GPODisplayName><![CDATA[T1 Servers Access Control]]></GPODisplayName></BackupInst><BackupInst><GPOGuid><![CDATA[{B9268F77-A995-4178-82B1-341819B70B22}]]></GPOGuid><GPODomain><![CDATA[Labb.se]]></GPODomain><GPODomainGuid><![CDATA[{8486eab4-cdb4-44dc-a8b5-4cccbd226f52}]]></GPODomainGuid><GPODomainController><![CDATA[Labb-DC.Labb.se]]></GPODomainController><BackupTime><![CDATA[2024-11-26T14:53:22]]></BackupTime><ID><![CDATA[{75853082-DE8A-44D0-97DF-28EF19182046}]]></ID><Comment><![CDATA[GPO Backups]]></Comment><GPODisplayName><![CDATA[T0 Sudo Rights]]></GPODisplayName></BackupInst><BackupInst><GPOGuid><![CDATA[{27D6BCC9-DFD8-4B0B-B1D6-C8C125DEF7AF}]]></GPOGuid><GPODomain><![CDATA[Labb.se]]></GPODomain><GPODomainGuid><![CDATA[{8486eab4-cdb4-44dc-a8b5-4cccbd226f52}]]></GPODomainGuid><GPODomainController><![CDATA[Labb-DC.Labb.se]]></GPODomainController><BackupTime><![CDATA[2024-11-26T14:53:22]]></BackupTime><ID><![CDATA[{48C9B9A3-71F2-4C57-9320-7ACA95BD3B31}]]></ID><Comment><![CDATA[GPO Backups]]></Comment><GPODisplayName><![CDATA[T0 Servers Access Control]]></GPODisplayName></BackupInst><BackupInst><GPOGuid><![CDATA[{A9EBC7B2-81A8-4E6C-AAAC-2322DB9BED9F}]]></GPOGuid><GPODomain><![CDATA[Labb.se]]></GPODomain><GPODomainGuid><![CDATA[{8486eab4-cdb4-44dc-a8b5-4cccbd226f52}]]></GPODomainGuid><GPODomainController><![CDATA[Labb-DC.Labb.se]]></GPODomainController><BackupTime><![CDATA[2024-11-26T14:53:22]]></BackupTime><ID><![CDATA[{78828F73-3DB5-4397-98CB-1CF79277DE7E}]]></ID><Comment><![CDATA[GPO Backups]]></Comment><GPODisplayName><![CDATA[Base Sudo Rights]]></GPODisplayName></BackupInst><BackupInst><GPOGuid><![CDATA[{3555EC9F-2319-4817-8CC6-BFDD525871A9}]]></GPOGuid><GPODomain><![CDATA[Labb.se]]></GPODomain><GPODomainGuid><![CDATA[{8486eab4-cdb4-44dc-a8b5-4cccbd226f52}]]></GPODomainGuid><GPODomainController><![CDATA[Labb-DC.Labb.se]]></GPODomainController><BackupTime><![CDATA[2024-11-26T14:53:21]]></BackupTime><ID><![CDATA[{763784F6-567F-4823-BE0F-A7692D8196DB}]]></ID><Comment><![CDATA[GPO Backups]]></Comment><GPODisplayName><![CDATA[Base Computers Access Control]]></GPODisplayName></BackupInst></Backups>