<BackupInst xmlns="http://www.microsoft.com/GroupPolicy/GPOOperations/Manifest"><GPOGuid><![CDATA[{3555EC9F-2319-4817-8CC6-BFDD525871A9}]]></GPOGuid><GPODomain><![CDATA[Labb.se]]></GPODomain><GPODomainGuid><![CDATA[{8486eab4-cdb4-44dc-a8b5-4cccbd226f52}]]></GPODomainGuid><GPODomainController><![CDATA[Labb-DC.Labb.se]]></GPODomainController><BackupTime><![CDATA[2024-11-26T14:53:21]]></BackupTime><ID><![CDATA[{763784F6-567F-4823-BE0F-A7692D8196DB}]]></ID><Comment><![CDATA[GPO Backups]]></Comment><GPODisplayName><![CDATA[Base Computers Access Control]]></GPODisplayName></BackupInst>
