<BackupInst xmlns="http://www.microsoft.com/GroupPolicy/GPOOperations/Manifest"><GPOGuid><![CDATA[{A9EBC7B2-81A8-4E6C-AAAC-2322DB9BED9F}]]></GPOGuid><GPODomain><![CDATA[Labb.se]]></GPODomain><GPODomainGuid><![CDATA[{8486eab4-cdb4-44dc-a8b5-4cccbd226f52}]]></GPODomainGuid><GPODomainController><![CDATA[Labb-DC.Labb.se]]></GPODomainController><BackupTime><![CDATA[2024-11-30T20:11:19]]></BackupTime><ID><![CDATA[{E2E5E51D-EC8E-4231-B13C-639A157BE484}]]></ID><Comment><![CDATA[]]></Comment><GPODisplayName><![CDATA[Base Sudo Rights]]></GPODisplayName></BackupInst>
