<BackupInst xmlns="http://www.microsoft.com/GroupPolicy/GPOOperations/Manifest"><GPOGuid><![CDATA[{A9EBC7B2-81A8-4E6C-AAAC-2322DB9BED9F}]]></GPOGuid><GPODomain><![CDATA[Labb.se]]></GPODomain><GPODomainGuid><![CDATA[{8486eab4-cdb4-44dc-a8b5-4cccbd226f52}]]></GPODomainGuid><GPODomainController><![CDATA[Labb-DC.Labb.se]]></GPODomainController><BackupTime><![CDATA[2024-11-26T14:53:22]]></BackupTime><ID><![CDATA[{78828F73-3DB5-4397-98CB-1CF79277DE7E}]]></ID><Comment><![CDATA[GPO Backups]]></Comment><GPODisplayName><![CDATA[Base Sudo Rights]]></GPODisplayName></BackupInst>
