<BackupInst xmlns="http://www.microsoft.com/GroupPolicy/GPOOperations/Manifest"><GPOGuid><![CDATA[{27D6BCC9-DFD8-4B0B-B1D6-C8C125DEF7AF}]]></GPOGuid><GPODomain><![CDATA[Labb.se]]></GPODomain><GPODomainGuid><![CDATA[{8486eab4-cdb4-44dc-a8b5-4cccbd226f52}]]></GPODomainGuid><GPODomainController><![CDATA[Labb-DC.Labb.se]]></GPODomainController><BackupTime><![CDATA[2024-11-26T14:53:22]]></BackupTime><ID><![CDATA[{48C9B9A3-71F2-4C57-9320-7ACA95BD3B31}]]></ID><Comment><![CDATA[GPO Backups]]></Comment><GPODisplayName><![CDATA[T0 Servers Access Control]]></GPODisplayName></BackupInst>
