<BackupInst xmlns="http://www.microsoft.com/GroupPolicy/GPOOperations/Manifest"><GPOGuid><![CDATA[{3555EC9F-2319-4817-8CC6-BFDD525871A9}]]></GPOGuid><GPODomain><![CDATA[Labb.se]]></GPODomain><GPODomainGuid><![CDATA[{8486eab4-cdb4-44dc-a8b5-4cccbd226f52}]]></GPODomainGuid><GPODomainController><![CDATA[Labb-DC.Labb.se]]></GPODomainController><BackupTime><![CDATA[2024-11-30T20:11:46]]></BackupTime><ID><![CDATA[{786F49BE-3586-42A0-AC71-BE2DA3950B76}]]></ID><Comment><![CDATA[]]></Comment><GPODisplayName><![CDATA[Base Computers Access Control]]></GPODisplayName></BackupInst>
