<BackupInst xmlns="http://www.microsoft.com/GroupPolicy/GPOOperations/Manifest"><GPOGuid><![CDATA[{B9268F77-A995-4178-82B1-341819B70B22}]]></GPOGuid><GPODomain><![CDATA[Labb.se]]></GPODomain><GPODomainGuid><![CDATA[{8486eab4-cdb4-44dc-a8b5-4cccbd226f52}]]></GPODomainGuid><GPODomainController><![CDATA[Labb-DC.Labb.se]]></GPODomainController><BackupTime><![CDATA[2024-11-26T14:53:22]]></BackupTime><ID><![CDATA[{75853082-DE8A-44D0-97DF-28EF19182046}]]></ID><Comment><![CDATA[GPO Backups]]></Comment><GPODisplayName><![CDATA[T0 Sudo Rights]]></GPODisplayName></BackupInst>
